{
    "0": {
        "precision": 0.8796803603525565,
        "recall": 0.8840838357237687,
        "f1-score": 0.8818766011028614,
        "support": 45947.0
    },
    "1": {
        "precision": 0.5984866069356112,
        "recall": 0.6355748373101953,
        "f1-score": 0.6164734010759115,
        "support": 20284.0
    },
    "2": {
        "precision": 0.33350923482849604,
        "recall": 0.12360649325249365,
        "f1-score": 0.18036529680365296,
        "support": 5113.0
    },
    "3": {
        "precision": 0.564937699217618,
        "recall": 0.649823345110326,
        "f1-score": 0.6044146825396826,
        "support": 15001.0
    },
    "4": {
        "precision": 0.902299891343716,
        "recall": 0.8882781161788739,
        "f1-score": 0.8952341024450866,
        "support": 33655.0
    },
    "accuracy": 0.7815666666666666,
    "macro avg": {
        "precision": 0.6557827585355995,
        "recall": 0.6362733255151315,
        "f1-score": 0.635672816793439,
        "support": 120000.0
    },
    "weighted avg": {
        "precision": 0.7758761819917934,
        "recall": 0.7815666666666666,
        "f1-score": 0.7761855565951767,
        "support": 120000.0
    }
}