{
    "0": {
        "precision": 0.9148193963384463,
        "recall": 0.8047750669249353,
        "f1-score": 0.8562761239825396,
        "support": 45947.0
    },
    "1": {
        "precision": 0.5559927682654472,
        "recall": 0.5154801814237823,
        "f1-score": 0.5349705807111793,
        "support": 20284.0
    },
    "2": {
        "precision": 0.18647062175870519,
        "recall": 0.6399374144337963,
        "f1-score": 0.2887908208296558,
        "support": 5113.0
    },
    "3": {
        "precision": 0.5263909774436091,
        "recall": 0.4667022198520099,
        "f1-score": 0.49475283558884847,
        "support": 15001.0
    },
    "4": {
        "precision": 0.9319677882848264,
        "recall": 0.8287327291635715,
        "f1-score": 0.8773237708785505,
        "support": 33655.0
    },
    "accuracy": 0.7133083333333333,
    "macro avg": {
        "precision": 0.6231283104182068,
        "recall": 0.6511255223596191,
        "f1-score": 0.6104228263981547,
        "support": 120000.0
    },
    "weighted avg": {
        "precision": 0.7793846280955716,
        "recall": 0.7133083333333333,
        "f1-score": 0.7384947382521606,
        "support": 120000.0
    }
}