{
    "0": {
        "precision": 0.9551161239815593,
        "recall": 0.716934729144449,
        "f1-score": 0.8190611169128251,
        "support": 45947.0
    },
    "1": {
        "precision": 0.4947902478888586,
        "recall": 0.7163774403470716,
        "f1-score": 0.5853137839361959,
        "support": 20284.0
    },
    "2": {
        "precision": 0.24956268221574343,
        "recall": 0.25112458439272445,
        "f1-score": 0.25034119711444724,
        "support": 5113.0
    },
    "3": {
        "precision": 0.32691604409383,
        "recall": 0.834277714819012,
        "f1-score": 0.4697558320665128,
        "support": 15001.0
    },
    "4": {
        "precision": 0.9985058194400755,
        "recall": 0.37726935076511664,
        "f1-score": 0.5476267494770438,
        "support": 33655.0
    },
    "accuracy": 0.6164,
    "macro avg": {
        "precision": 0.6049781835240134,
        "recall": 0.5791967638936748,
        "f1-score": 0.5344197359014049,
        "support": 120000.0
    },
    "weighted avg": {
        "precision": 0.7808820071802892,
        "recall": 0.6164,
        "f1-score": 0.6355257163623435,
        "support": 120000.0
    }
}